{
  "A": [
    0.14278111346000003,
    1.48418544694
  ],
  "B": [
    1.52114248424,
    2.98076922077
  ],
  "C": [
    0.057776563339999996,
    0.47616938058999997
  ],
  "D": [
    2.11233308641,
    4.182658313
  ],
  "E": [
    0.10128628,
    0.289025069
  ],
  "F": [
    0.103610459,
    0.28643261741
  ],
  "G": [
    0.11359622061,
    0.29358605
  ]
}