{
  "A": [
    0.35451078960000004,
    1.4292121967499998
  ],
  "B": [
    1.522393697,
    2.94929167755
  ],
  "C": [
    0.066843475,
    0.46520654
  ],
  "D": [
    2.128636433,
    4.14672640415
  ],
  "E": [
    0.1031937608,
    0.2779481168
  ],
  "F": [
    0.104254693,
    0.270614388
  ],
  "G": [
    0.122213034,
    0.26911269844999974
  ]
}