{
  "A": [
    0.4708591742,
    1.3607837623
  ],
  "B": [
    1.609128093,
    2.8991996918
  ],
  "C": [
    0.0784042474,
    0.449238879
  ],
  "D": [
    2.148340911,
    3.5487931829000003
  ],
  "E": [
    0.104686326,
    0.2742017772
  ],
  "F": [
    0.123587002,
    0.2701692775
  ],
  "G": [
    0.123879278,
    0.2617908714
  ]
}